Company,Hire Date,ID,Language,Name,Birth Date,Sex,Status,Date,Time,500,1K,2K,3K,4K,6K,8K,500 (second ear),1K (second ear),2K (second ear),3K (second ear),4K (second ear),5K,8K (second ear)
Fulton Bellows LLC,5/15/2017,372550,English,,5/ 6/1966,M,Active,5/9/2018,13:26:01SR,15,20,15,20,30,35,15,0,10,25,20,30,30,20
Fulton Bellows LLC,5/15/2017,372550,English,,5/ 6/1966,M,Active,5/15/2019,13:26:35,10,20,15,20,25,30,15,10,10,20,20,25,20,30
Fulton Bellows LLC,5/15/2017,372550,English,,5/ 6/1966,M,Active,5/10/2021,12:19:04,20,20,15,20,35,25,25,10,10,25,25,30,25,25
Fulton Bellows LLC,5/15/2017,372550,English,,5/ 6/1966,M,Active,5/10/2022,13:54:09,15,20,20,20,50,35,30,10,15,30,35,35,30,45
Fulton Bellows LLC,5/15/2017,372550,English,,5/ 6/1966,M,Active,5/2/2023,9:36:03,15,20,15,20,35,25,25,5,5,20,25,25,20,30
